{
  "BeGe": {
    "Calibration":[0.13471009760610084,-0.4124349753271872],
    "Noise": 0.5389856211923107,
    "Rise": 10,
    "flat": 0.1
  }
}
