{
    "BEGE": {
        "calibration": [
            0.0,
            1.2
        ]
    },
    "1724": {
        "calibration": [
            0.042653941614830236,
            -0.9032937985714966
        ]
    },
    "1725": {
        "calibration": [
            0.04279486753946548,
            -0.19323788404824427
        ]
    }
}