,FWHM,rise,flat,error
0,0.2223926941524348,3.0,0.9,0.0007599719364442443
